SUBJECT,CONFIGURATION,SEED,ALGORITHM,PROBE_ENABLED,CONSTANT_POOL_ENABLED,COVERAGE,COVERED_BRANCHES,TOTAL_BRANCHES,BRANCH_COVERAGE,COVERED_LINES,TOTAL_LINES,LINE_COVERAGE,COVERED_FUNCTIONS,TOTAL_FUNCTIONS,FUNCTION_COVERAGE,COVERED_PROBES,TOTAL_PROBES,PROBE_COVERAGE,INITIALIZATION_TIME,SEARCH_TIME,TOTAL_TIME,ITERATIONS,EVALUATIONS,VERSION
MolScribe.sol,,324,sFuzz,true,false,0,0,0,0,0,0,0,0,0,0,0,0,0,25.075999975204468,875.5680000782013,900.6440000534058,35,393,1
MolScribe.sol,,324,sFuzz,true,false,0,0,0,0,0,0,0,0,0,0,0,0,0,22.79200005531311,878.204999923706,900.9969999790192,36,401,1
MolScribe.sol,,324,sFuzz,true,false,0,0,0,0,0,0,0,0,0,0,0,0,0,22.092000007629395,879.2269999980927,901.319000005722,36,401,1
MolScribe.sol,,324,sFuzz,true,false,0,0,0,0,0,0,0,0,0,0,0,0,0,22.312000036239624,877.8699998855591,900.1819999217987,36,397,1
MolScribe.sol,,324,sFuzz,true,false,0,0,0,0,0,0,0,0,0,0,0,0,0,22.712000131607056,878.0579998493195,900.7699999809265,36,397,1
MolScribe.sol,,324,sFuzz,true,false,0,0,0,0,0,0,0,0,0,0,0,0,0,24.282999992370605,876.4270000457764,900.710000038147,31,349,1
MolScribe.sol,,324,sFuzz,true,false,0,0,0,0,0,0,0,0,0,0,0,0,0,24.742999792099,876.8289999961853,901.5719997882843,33,366,1
MolScribe.sol,,324,sFuzz,true,false,0,0,0,0,0,0,0,0,0,0,0,0,0,24.394999980926514,876.375,900.7699999809265,33,364,1
MolScribe.sol,,324,sFuzz,true,false,0.06629834254143646,2,12,0.16666666666666666,11,176,0.0625,9,67,0.13432835820895522,2,84,0.023809523809523808,26.551000118255615,875.6329998970032,902.1840000152588,31,344,1
