SUBJECT,CONFIGURATION,SEED,ALGORITHM,PROBE_ENABLED,CONSTANT_POOL_ENABLED,COVERAGE,COVERED_BRANCHES,TOTAL_BRANCHES,BRANCH_COVERAGE,COVERED_LINES,TOTAL_LINES,LINE_COVERAGE,COVERED_FUNCTIONS,TOTAL_FUNCTIONS,FUNCTION_COVERAGE,COVERED_PROBES,TOTAL_PROBES,PROBE_COVERAGE,INITIALIZATION_TIME,SEARCH_TIME,TOTAL_TIME,ITERATIONS,EVALUATIONS,VERSION
MolScribe.sol,,876,DynaMOSA,true,false,0,0,0,0,0,0,0,0,0,0,0,0,0,25.347000122070312,876.0929999351501,901.4400000572205,36,396,1
MolScribe.sol,,876,DynaMOSA,true,false,0,0,0,0,0,0,0,0,0,0,0,0,0,22.723999977111816,878.7129998207092,901.436999797821,36,401,1
MolScribe.sol,,876,DynaMOSA,true,false,0,0,0,0,0,0,0,0,0,0,0,0,0,22.417999982833862,878.9029998779297,901.3209998607635,36,401,1
MolScribe.sol,,876,DynaMOSA,true,false,0,0,0,0,0,0,0,0,0,0,0,0,0,23.132999897003174,877.1470000743866,900.2799999713898,36,399,1
MolScribe.sol,,876,DynaMOSA,true,false,0,0,0,0,0,0,0,0,0,0,0,0,0,22.668999910354614,878.433000087738,901.1019999980927,36,398,1
MolScribe.sol,,876,DynaMOSA,true,false,0,0,0,0,0,0,0,0,0,0,0,0,0,23.966000080108643,878.0169999599457,901.9830000400543,31,350,1
MolScribe.sol,,876,DynaMOSA,true,false,0,0,0,0,0,0,0,0,0,0,0,0,0,24.437000036239624,875.8989999294281,900.3359999656677,32,362,1
MolScribe.sol,,876,DynaMOSA,true,false,0,0,0,0,0,0,0,0,0,0,0,0,0,25.2260000705719,875.2129998207092,900.4389998912811,32,362,1
MolScribe.sol,,876,DynaMOSA,true,false,0.06629834254143646,2,12,0.16666666666666666,11,176,0.0625,9,67,0.13432835820895522,2,84,0.023809523809523808,26.319999933242798,874.1730000972748,900.4930000305176,31,341,1
