SUBJECT,CONFIGURATION,SEED,ALGORITHM,PROBE_ENABLED,CONSTANT_POOL_ENABLED,COVERAGE,COVERED_BRANCHES,TOTAL_BRANCHES,BRANCH_COVERAGE,COVERED_LINES,TOTAL_LINES,LINE_COVERAGE,COVERED_FUNCTIONS,TOTAL_FUNCTIONS,FUNCTION_COVERAGE,COVERED_PROBES,TOTAL_PROBES,PROBE_COVERAGE,INITIALIZATION_TIME,SEARCH_TIME,TOTAL_TIME,ITERATIONS,EVALUATIONS,VERSION
ERC721.sol,,373,DynaMOSA,false,false,0.48,0,4,0,15,56,0.26785714285714285,12,21,0.5714285714285714,6,32,0.1875,5.226999998092651,895.0869998931885,900.3139998912811,209,2309,1
IERC721.sol,,373,DynaMOSA,false,false,0,0,0,0,0,0,0,0,0,0,0,0,0,1.8279998302459717,898.2039999961853,900.0319998264313,574,6320,1
IERC721Receiver.sol,,373,DynaMOSA,false,false,0,0,0,0,0,0,0,0,0,0,0,0,0,1.5750000476837158,898.433000087738,900.0080001354218,555,6115,1
ERC165.sol,,373,DynaMOSA,false,false,0,0,0,0,0,4,0,0,3,0,0,2,0,2.2029998302459717,897.8289999961853,900.0319998264313,531,5841,1
IERC165.sol,,373,DynaMOSA,false,false,0,0,0,0,0,0,0,0,0,0,0,0,0,1.4470000267028809,898.579999923706,900.0269999504089,542,5967,1
