SUBJECT,CONFIGURATION,SEED,ALGORITHM,PROBE_ENABLED,CONSTANT_POOL_ENABLED,COVERAGE,COVERED_BRANCHES,TOTAL_BRANCHES,BRANCH_COVERAGE,COVERED_LINES,TOTAL_LINES,LINE_COVERAGE,COVERED_FUNCTIONS,TOTAL_FUNCTIONS,FUNCTION_COVERAGE,COVERED_PROBES,TOTAL_PROBES,PROBE_COVERAGE,INITIALIZATION_TIME,SEARCH_TIME,TOTAL_TIME,ITERATIONS,EVALUATIONS,VERSION
MolScribe.sol,,647,DynaMOSA,true,false,0,0,0,0,0,0,0,0,0,0,0,0,0,24.875,876.3170001506805,901.1920001506805,36,401,1
MolScribe.sol,,647,DynaMOSA,true,false,0,0,0,0,0,0,0,0,0,0,0,0,0,22.242000102996826,878.9919998645782,901.2339999675751,35,395,1
MolScribe.sol,,647,DynaMOSA,true,false,0,0,0,0,0,0,0,0,0,0,0,0,0,23.85800004005432,877.7020001411438,901.5600001811981,36,399,1
MolScribe.sol,,647,DynaMOSA,true,false,0,0,0,0,0,0,0,0,0,0,0,0,0,22.449999809265137,879.6640000343323,902.1139998435974,36,400,1
MolScribe.sol,,647,DynaMOSA,true,false,0,0,0,0,0,0,0,0,0,0,0,0,0,22.620999813079834,878.3019998073578,900.9229996204376,36,399,1
MolScribe.sol,,647,DynaMOSA,true,false,0,0,0,0,0,0,0,0,0,0,0,0,0,23.75,878.2200000286102,901.9700000286102,32,354,1
MolScribe.sol,,647,DynaMOSA,true,false,0,0,0,0,0,0,0,0,0,0,0,0,0,24.66100001335144,877.6429998874664,902.3039999008179,33,367,1
MolScribe.sol,,647,DynaMOSA,true,false,0,0,0,0,0,0,0,0,0,0,0,0,0,24.325000047683716,878.087000131607,902.4120001792908,33,365,1
MolScribe.sol,,647,DynaMOSA,true,false,0.06629834254143646,2,12,0.16666666666666666,11,176,0.0625,9,67,0.13432835820895522,2,84,0.023809523809523808,26.77999997138977,874.7530000209808,901.5329999923706,31,342,1
