SUBJECT,CONFIGURATION,SEED,ALGORITHM,PROBE_ENABLED,CONSTANT_POOL_ENABLED,COVERAGE,COVERED_BRANCHES,TOTAL_BRANCHES,BRANCH_COVERAGE,COVERED_LINES,TOTAL_LINES,LINE_COVERAGE,COVERED_FUNCTIONS,TOTAL_FUNCTIONS,FUNCTION_COVERAGE,COVERED_PROBES,TOTAL_PROBES,PROBE_COVERAGE,INITIALIZATION_TIME,SEARCH_TIME,TOTAL_TIME,ITERATIONS,EVALUATIONS,VERSION
MolScribe.sol,,598,DynaMOSA,false,false,0,0,0,0,0,0,0,0,0,0,0,0,0,25.074000120162964,876.9500000476837,902.0240001678467,36,400,1
MolScribe.sol,,598,DynaMOSA,false,false,0,0,0,0,0,0,0,0,0,0,0,0,0,22.35699987411499,879.4969999790192,901.8539998531342,36,406,1
MolScribe.sol,,598,DynaMOSA,false,false,0,0,0,0,0,0,0,0,0,0,0,0,0,22.655999898910522,878.3589999675751,901.0149998664856,36,404,1
MolScribe.sol,,598,DynaMOSA,false,false,0,0,0,0,0,0,0,0,0,0,0,0,0,22.641000032424927,878.0920000076294,900.7330000400543,36,403,1
MolScribe.sol,,598,DynaMOSA,false,false,0,0,0,0,0,0,0,0,0,0,0,0,0,22.771000146865845,878.6899998188019,901.4609999656677,36,401,1
MolScribe.sol,,598,DynaMOSA,false,false,0,0,0,0,0,0,0,0,0,0,0,0,0,24.32100009918213,876.6219999790192,900.9430000782013,32,353,1
MolScribe.sol,,598,DynaMOSA,false,false,0,0,0,0,0,0,0,0,0,0,0,0,0,24.317000150680542,876.2589998245239,900.5759999752045,33,369,1
MolScribe.sol,,598,DynaMOSA,false,false,0,0,0,0,0,0,0,0,0,0,0,0,0,24.38100004196167,877.4010000228882,901.7820000648499,33,367,1
MolScribe.sol,,598,DynaMOSA,false,false,0.10989010989010989,2,12,0.16666666666666666,11,176,0.0625,9,67,0.13432835820895522,2,84,0.023809523809523808,26.17899990081787,874.3840000629425,900.5629999637604,31,347,1
