SUBJECT,CONFIGURATION,SEED,ALGORITHM,PROBE_ENABLED,CONSTANT_POOL_ENABLED,COVERAGE,COVERED_BRANCHES,TOTAL_BRANCHES,BRANCH_COVERAGE,COVERED_LINES,TOTAL_LINES,LINE_COVERAGE,COVERED_FUNCTIONS,TOTAL_FUNCTIONS,FUNCTION_COVERAGE,COVERED_PROBES,TOTAL_PROBES,PROBE_COVERAGE,INITIALIZATION_TIME,SEARCH_TIME,TOTAL_TIME,ITERATIONS,EVALUATIONS,VERSION
MolScribe.sol,,141,DynaMOSA,false,false,0,0,0,0,0,0,0,0,0,0,0,0,0,26.503000020980835,873.5909998416901,900.0939998626709,35,395,1
MolScribe.sol,,141,DynaMOSA,false,false,0,0,0,0,0,0,0,0,0,0,0,0,0,23.68400001525879,876.4769999980927,900.1610000133514,35,394,1
MolScribe.sol,,141,DynaMOSA,false,false,0,0,0,0,0,0,0,0,0,0,0,0,0,22.58299994468689,878.3340001106262,900.9170000553131,36,399,1
MolScribe.sol,,141,DynaMOSA,false,false,0,0,0,0,0,0,0,0,0,0,0,0,0,22.35800004005432,877.9909999370575,900.3489999771118,36,399,1
MolScribe.sol,,141,DynaMOSA,false,false,0,0,0,0,0,0,0,0,0,0,0,0,0,22.569000005722046,878.1439998149872,900.7129998207092,36,396,1
MolScribe.sol,,141,DynaMOSA,false,false,0,0,0,0,0,0,0,0,0,0,0,0,0,25.54200005531311,874.5139999389648,900.055999994278,31,349,1
MolScribe.sol,,141,DynaMOSA,false,false,0,0,0,0,0,0,0,0,0,0,0,0,0,24.88599991798401,877.2980000972748,902.1840000152588,33,366,1
MolScribe.sol,,141,DynaMOSA,false,false,0,0,0,0,0,0,0,0,0,0,0,0,0,24.814000129699707,877.4119999408722,902.2260000705719,33,366,1
MolScribe.sol,,141,DynaMOSA,false,false,0.10989010989010989,2,12,0.16666666666666666,11,176,0.0625,9,67,0.13432835820895522,2,84,0.023809523809523808,26.130000114440918,875.422000169754,901.552000284195,31,347,1
