SUBJECT,CONFIGURATION,SEED,ALGORITHM,PROBE_ENABLED,CONSTANT_POOL_ENABLED,COVERAGE,COVERED_BRANCHES,TOTAL_BRANCHES,BRANCH_COVERAGE,COVERED_LINES,TOTAL_LINES,LINE_COVERAGE,COVERED_FUNCTIONS,TOTAL_FUNCTIONS,FUNCTION_COVERAGE,COVERED_PROBES,TOTAL_PROBES,PROBE_COVERAGE,INITIALIZATION_TIME,SEARCH_TIME,TOTAL_TIME,ITERATIONS,EVALUATIONS,VERSION
MolScribe.sol,,852,DynaMOSA,true,false,0,0,0,0,0,0,0,0,0,0,0,0,0,25.253999948501587,875.6800000667572,900.9340000152588,36,400,1
MolScribe.sol,,852,DynaMOSA,true,false,0,0,0,0,0,0,0,0,0,0,0,0,0,22.34500002861023,878.1299998760223,900.4749999046326,36,403,1
MolScribe.sol,,852,DynaMOSA,true,false,0,0,0,0,0,0,0,0,0,0,0,0,0,22.449000120162964,879.4559998512268,901.9049999713898,36,404,1
MolScribe.sol,,852,DynaMOSA,true,false,0,0,0,0,0,0,0,0,0,0,0,0,0,22.075999975204468,879.3900001049042,901.4660000801086,36,403,1
MolScribe.sol,,852,DynaMOSA,true,false,0,0,0,0,0,0,0,0,0,0,0,0,0,22.405999898910522,879.1909999847412,901.5969998836517,36,401,1
MolScribe.sol,,852,DynaMOSA,true,false,0,0,0,0,0,0,0,0,0,0,0,0,0,24.88100004196167,876.5090000629425,901.3900001049042,31,351,1
MolScribe.sol,,852,DynaMOSA,true,false,0,0,0,0,0,0,0,0,0,0,0,0,0,24.41599988937378,877.8770000934601,902.2929999828339,33,368,1
MolScribe.sol,,852,DynaMOSA,true,false,0,0,0,0,0,0,0,0,0,0,0,0,0,24.486999988555908,877.3680000305176,901.8550000190735,33,365,1
MolScribe.sol,,852,DynaMOSA,true,false,0.06629834254143646,2,12,0.16666666666666666,11,176,0.0625,9,67,0.13432835820895522,2,84,0.023809523809523808,26.962000131607056,875.7709999084473,902.7330000400543,31,344,1
