SUBJECT,CONFIGURATION,SEED,ALGORITHM,PROBE_ENABLED,CONSTANT_POOL_ENABLED,COVERAGE,COVERED_BRANCHES,TOTAL_BRANCHES,BRANCH_COVERAGE,COVERED_LINES,TOTAL_LINES,LINE_COVERAGE,COVERED_FUNCTIONS,TOTAL_FUNCTIONS,FUNCTION_COVERAGE,COVERED_PROBES,TOTAL_PROBES,PROBE_COVERAGE,INITIALIZATION_TIME,SEARCH_TIME,TOTAL_TIME,ITERATIONS,EVALUATIONS,VERSION
MolScribe.sol,,511,DynaMOSA,true,false,0,0,0,0,0,0,0,0,0,0,0,0,0,24.990000009536743,875.4739999771118,900.4639999866486,36,399,1
MolScribe.sol,,511,DynaMOSA,true,false,0,0,0,0,0,0,0,0,0,0,0,0,0,22.34599995613098,879.529000043869,901.875,36,405,1
MolScribe.sol,,511,DynaMOSA,true,false,0,0,0,0,0,0,0,0,0,0,0,0,0,22.77900004386902,879.4489998817444,902.2279999256134,36,402,1
MolScribe.sol,,511,DynaMOSA,true,false,0,0,0,0,0,0,0,0,0,0,0,0,0,22.27999997138977,879.555999994278,901.8359999656677,36,403,1
MolScribe.sol,,511,DynaMOSA,true,false,0,0,0,0,0,0,0,0,0,0,0,0,0,22.766000032424927,878.6299998760223,901.3959999084473,36,400,1
MolScribe.sol,,511,DynaMOSA,true,false,0,0,0,0,0,0,0,0,0,0,0,0,0,23.88699984550476,877.8770000934601,901.7639999389648,32,354,1
MolScribe.sol,,511,DynaMOSA,true,false,0,0,0,0,0,0,0,0,0,0,0,0,0,24.205999851226807,875.9289999008179,900.1349997520447,33,366,1
MolScribe.sol,,511,DynaMOSA,true,false,0,0,0,0,0,0,0,0,0,0,0,0,0,24.319000005722046,876.2030000686646,900.5220000743866,33,365,1
MolScribe.sol,,511,DynaMOSA,true,false,0.06629834254143646,2,12,0.16666666666666666,11,176,0.0625,9,67,0.13432835820895522,2,84,0.023809523809523808,26.502000093460083,875.0789999961853,901.5810000896454,31,344,1
