SUBJECT,CONFIGURATION,SEED,ALGORITHM,PROBE_ENABLED,CONSTANT_POOL_ENABLED,COVERAGE,COVERED_BRANCHES,TOTAL_BRANCHES,BRANCH_COVERAGE,COVERED_LINES,TOTAL_LINES,LINE_COVERAGE,COVERED_FUNCTIONS,TOTAL_FUNCTIONS,FUNCTION_COVERAGE,COVERED_PROBES,TOTAL_PROBES,PROBE_COVERAGE,INITIALIZATION_TIME,SEARCH_TIME,TOTAL_TIME,ITERATIONS,EVALUATIONS,VERSION
MolScribe.sol,,716,DynaMOSA,false,false,0,0,0,0,0,0,0,0,0,0,0,0,0,24.513999938964844,875.9289999008179,900.4429998397827,36,400,1
MolScribe.sol,,716,DynaMOSA,false,false,0,0,0,0,0,0,0,0,0,0,0,0,0,21.816999912261963,880.0810000896454,901.8980000019073,36,404,1
MolScribe.sol,,716,DynaMOSA,false,false,0,0,0,0,0,0,0,0,0,0,0,0,0,22.187999963760376,879.4389998912811,901.6269998550415,36,403,1
MolScribe.sol,,716,DynaMOSA,false,false,0,0,0,0,0,0,0,0,0,0,0,0,0,21.993000030517578,878.3320000171661,900.3250000476837,36,403,1
MolScribe.sol,,716,DynaMOSA,false,false,0,0,0,0,0,0,0,0,0,0,0,0,0,22.417999982833862,877.9900000095367,900.4079999923706,36,400,1
MolScribe.sol,,716,DynaMOSA,false,false,0,0,0,0,0,0,0,0,0,0,0,0,0,24.32100009918213,875.7119998931885,900.0329999923706,31,351,1
MolScribe.sol,,716,DynaMOSA,false,false,0,0,0,0,0,0,0,0,0,0,0,0,0,24.572999954223633,876.9159998893738,901.4889998435974,33,366,1
MolScribe.sol,,716,DynaMOSA,false,false,0,0,0,0,0,0,0,0,0,0,0,0,0,24.307000160217285,876.1970000267029,900.5040001869202,33,365,1
MolScribe.sol,,716,DynaMOSA,false,false,0.10989010989010989,2,12,0.16666666666666666,11,176,0.0625,9,67,0.13432835820895522,2,84,0.023809523809523808,26.75600004196167,874.7379999160767,901.4939999580383,31,347,1
