SUBJECT,CONFIGURATION,SEED,ALGORITHM,PROBE_ENABLED,CONSTANT_POOL_ENABLED,COVERAGE,COVERED_BRANCHES,TOTAL_BRANCHES,BRANCH_COVERAGE,COVERED_LINES,TOTAL_LINES,LINE_COVERAGE,COVERED_FUNCTIONS,TOTAL_FUNCTIONS,FUNCTION_COVERAGE,COVERED_PROBES,TOTAL_PROBES,PROBE_COVERAGE,INITIALIZATION_TIME,SEARCH_TIME,TOTAL_TIME,ITERATIONS,EVALUATIONS,VERSION
MolScribe.sol,,600,sFuzz,false,false,0,0,0,0,0,0,0,0,0,0,0,0,0,23.7260000705719,878.4179999828339,902.1440000534058,37,414,1
MolScribe.sol,,600,sFuzz,false,false,0,0,0,0,0,0,0,0,0,0,0,0,0,23.20899987220764,877.3179998397827,900.5269997119904,36,396,1
MolScribe.sol,,600,sFuzz,false,false,0,0,0,0,0,0,0,0,0,0,0,0,0,23.944999933242798,877.1500000953674,901.0950000286102,36,396,1
MolScribe.sol,,600,sFuzz,false,false,0,0,0,0,0,0,0,0,0,0,0,0,0,22.888000011444092,879.0179998874664,901.9059998989105,35,393,1
MolScribe.sol,,600,sFuzz,false,false,0,0,0,0,0,0,0,0,0,0,0,0,0,22.667999982833862,879.5510001182556,902.2190001010895,35,393,1
MolScribe.sol,,600,sFuzz,false,false,0,0,0,0,0,0,0,0,0,0,0,0,0,26.131999969482422,875.7430000305176,901.875,31,343,1
MolScribe.sol,,600,sFuzz,false,false,0,0,0,0,0,0,0,0,0,0,0,0,0,25.61400008201599,875.7469999790192,901.3610000610352,32,362,1
MolScribe.sol,,600,sFuzz,false,false,0,0,0,0,0,0,0,0,0,0,0,0,0,25.070000171661377,877.5160000324249,902.5860002040863,32,362,1
MolScribe.sol,,600,sFuzz,false,false,0.10989010989010989,2,12,0.16666666666666666,11,176,0.0625,9,67,0.13432835820895522,2,84,0.023809523809523808,26.53600001335144,873.4889998435974,900.0249998569489,30,337,1
