SUBJECT,CONFIGURATION,SEED,ALGORITHM,PROBE_ENABLED,CONSTANT_POOL_ENABLED,COVERAGE,COVERED_BRANCHES,TOTAL_BRANCHES,BRANCH_COVERAGE,COVERED_LINES,TOTAL_LINES,LINE_COVERAGE,COVERED_FUNCTIONS,TOTAL_FUNCTIONS,FUNCTION_COVERAGE,COVERED_PROBES,TOTAL_PROBES,PROBE_COVERAGE,INITIALIZATION_TIME,SEARCH_TIME,TOTAL_TIME,ITERATIONS,EVALUATIONS,VERSION
MolScribe.sol,,621,sFuzz,true,false,0,0,0,0,0,0,0,0,0,0,0,0,0,25.104000091552734,874.9769999980927,900.0810000896454,36,400,1
MolScribe.sol,,621,sFuzz,true,false,0,0,0,0,0,0,0,0,0,0,0,0,0,21.926000118255615,879.6409997940063,901.566999912262,36,404,1
MolScribe.sol,,621,sFuzz,true,false,0,0,0,0,0,0,0,0,0,0,0,0,0,22.217000007629395,879.3989999294281,901.6159999370575,36,402,1
MolScribe.sol,,621,sFuzz,true,false,0,0,0,0,0,0,0,0,0,0,0,0,0,22.118000030517578,878.3359999656677,900.4539999961853,36,401,1
MolScribe.sol,,621,sFuzz,true,false,0,0,0,0,0,0,0,0,0,0,0,0,0,22.384999990463257,878.6760001182556,901.0610001087189,36,401,1
MolScribe.sol,,621,sFuzz,true,false,0,0,0,0,0,0,0,0,0,0,0,0,0,25.16599988937378,876.0140001773834,901.1800000667572,31,351,1
MolScribe.sol,,621,sFuzz,true,false,0,0,0,0,0,0,0,0,0,0,0,0,0,24.97000002861023,875.1419999599457,900.1119999885559,33,366,1
MolScribe.sol,,621,sFuzz,true,false,0,0,0,0,0,0,0,0,0,0,0,0,0,24.823999881744385,876.1110000610352,900.9349999427795,33,366,1
MolScribe.sol,,621,sFuzz,true,false,0.06629834254143646,2,12,0.16666666666666666,11,176,0.0625,9,67,0.13432835820895522,2,84,0.023809523809523808,26.311000108718872,875.0699999332428,901.3810000419617,31,342,1
