SUBJECT,CONFIGURATION,SEED,ALGORITHM,PROBE_ENABLED,CONSTANT_POOL_ENABLED,COVERAGE,COVERED_BRANCHES,TOTAL_BRANCHES,BRANCH_COVERAGE,COVERED_LINES,TOTAL_LINES,LINE_COVERAGE,COVERED_FUNCTIONS,TOTAL_FUNCTIONS,FUNCTION_COVERAGE,COVERED_PROBES,TOTAL_PROBES,PROBE_COVERAGE,INITIALIZATION_TIME,SEARCH_TIME,TOTAL_TIME,ITERATIONS,EVALUATIONS,VERSION
MolScribe.sol,,660,sFuzz,false,false,0,0,0,0,0,0,0,0,0,0,0,0,0,26.3989999294281,874.5900001525879,900.989000082016,35,393,1
MolScribe.sol,,660,sFuzz,false,false,0,0,0,0,0,0,0,0,0,0,0,0,0,22.312999963760376,878.0529999732971,900.3659999370575,36,397,1
MolScribe.sol,,660,sFuzz,false,false,0,0,0,0,0,0,0,0,0,0,0,0,0,22.822999954223633,879.191999912262,902.0149998664856,36,397,1
MolScribe.sol,,660,sFuzz,false,false,0,0,0,0,0,0,0,0,0,0,0,0,0,23.198000192642212,877.4539999961853,900.6520001888275,35,393,1
MolScribe.sol,,660,sFuzz,false,false,0,0,0,0,0,0,0,0,0,0,0,0,0,23.009000062942505,879.162999868393,902.1719999313354,35,394,1
MolScribe.sol,,660,sFuzz,false,false,0,0,0,0,0,0,0,0,0,0,0,0,0,24.782999992370605,875.5210001468658,900.3040001392365,31,347,1
MolScribe.sol,,660,sFuzz,false,false,0,0,0,0,0,0,0,0,0,0,0,0,0,25.14400005340576,876.8829998970032,902.0269999504089,32,361,1
MolScribe.sol,,660,sFuzz,false,false,0,0,0,0,0,0,0,0,0,0,0,0,0,24.87999987602234,877.2400000095367,902.1199998855591,32,361,1
MolScribe.sol,,660,sFuzz,false,false,0.10989010989010989,2,12,0.16666666666666666,11,176,0.0625,9,67,0.13432835820895522,2,84,0.023809523809523808,26.634999990463257,873.4749999046326,900.1099998950958,31,344,1
