SUBJECT,CONFIGURATION,SEED,ALGORITHM,PROBE_ENABLED,CONSTANT_POOL_ENABLED,COVERAGE,COVERED_BRANCHES,TOTAL_BRANCHES,BRANCH_COVERAGE,COVERED_LINES,TOTAL_LINES,LINE_COVERAGE,COVERED_FUNCTIONS,TOTAL_FUNCTIONS,FUNCTION_COVERAGE,COVERED_PROBES,TOTAL_PROBES,PROBE_COVERAGE,INITIALIZATION_TIME,SEARCH_TIME,TOTAL_TIME,ITERATIONS,EVALUATIONS,VERSION
MolScribe.sol,,876,DynaMOSA,false,false,0,0,0,0,0,0,0,0,0,0,0,0,0,22.861999988555908,877.606999874115,900.4689998626709,37,410,1
MolScribe.sol,,876,DynaMOSA,false,false,0,0,0,0,0,0,0,0,0,0,0,0,0,22.532000064849854,878.0810000896454,900.6130001544952,36,401,1
MolScribe.sol,,876,DynaMOSA,false,false,0,0,0,0,0,0,0,0,0,0,0,0,0,22.229000091552734,878.7909998893738,901.0199999809265,36,404,1
MolScribe.sol,,876,DynaMOSA,false,false,0,0,0,0,0,0,0,0,0,0,0,0,0,22.217000007629395,878.2150001525879,900.4320001602173,36,401,1
MolScribe.sol,,876,DynaMOSA,false,false,0,0,0,0,0,0,0,0,0,0,0,0,0,21.991000175476074,879.9570000171661,901.9480001926422,36,403,1
MolScribe.sol,,876,DynaMOSA,false,false,0,0,0,0,0,0,0,0,0,0,0,0,0,24.26699995994568,876.4210000038147,900.6879999637604,32,353,1
MolScribe.sol,,876,DynaMOSA,false,false,0,0,0,0,0,0,0,0,0,0,0,0,0,24.186999797821045,877.1290001869202,901.3159999847412,33,368,1
MolScribe.sol,,876,DynaMOSA,false,false,0,0,0,0,0,0,0,0,0,0,0,0,0,24.30299997329712,876.6670000553131,900.9700000286102,33,367,1
MolScribe.sol,,876,DynaMOSA,false,false,0.10989010989010989,2,12,0.16666666666666666,11,176,0.0625,9,67,0.13432835820895522,2,84,0.023809523809523808,26.43400001525879,874.0209999084473,900.454999923706,31,346,1
