SUBJECT,CONFIGURATION,SEED,ALGORITHM,PROBE_ENABLED,CONSTANT_POOL_ENABLED,COVERAGE,COVERED_BRANCHES,TOTAL_BRANCHES,BRANCH_COVERAGE,COVERED_LINES,TOTAL_LINES,LINE_COVERAGE,COVERED_FUNCTIONS,TOTAL_FUNCTIONS,FUNCTION_COVERAGE,COVERED_PROBES,TOTAL_PROBES,PROBE_COVERAGE,INITIALIZATION_TIME,SEARCH_TIME,TOTAL_TIME,ITERATIONS,EVALUATIONS,VERSION
MolScribe.sol,,817,DynaMOSA,false,false,0,0,0,0,0,0,0,0,0,0,0,0,0,25.218000173568726,875.0169999599457,900.2350001335144,36,398,1
MolScribe.sol,,817,DynaMOSA,false,false,0,0,0,0,0,0,0,0,0,0,0,0,0,22.337000131607056,879.7389998435974,902.0759999752045,36,404,1
MolScribe.sol,,817,DynaMOSA,false,false,0,0,0,0,0,0,0,0,0,0,0,0,0,22.286999940872192,877.7460000514984,900.0329999923706,36,401,1
MolScribe.sol,,817,DynaMOSA,false,false,0,0,0,0,0,0,0,0,0,0,0,0,0,22.036999940872192,879.2690000534058,901.305999994278,36,400,1
MolScribe.sol,,817,DynaMOSA,false,false,0,0,0,0,0,0,0,0,0,0,0,0,0,22.38700008392334,878.4960000514984,900.8830001354218,36,400,1
MolScribe.sol,,817,DynaMOSA,false,false,0,0,0,0,0,0,0,0,0,0,0,0,0,23.917999982833862,878.1570000648499,902.0750000476837,31,351,1
MolScribe.sol,,817,DynaMOSA,false,false,0,0,0,0,0,0,0,0,0,0,0,0,0,24.437000036239624,875.728000164032,900.1650002002716,33,365,1
MolScribe.sol,,817,DynaMOSA,false,false,0,0,0,0,0,0,0,0,0,0,0,0,0,24.29200005531311,877.0679998397827,901.3599998950958,33,366,1
MolScribe.sol,,817,DynaMOSA,false,false,0.10989010989010989,2,12,0.16666666666666666,11,176,0.0625,9,67,0.13432835820895522,2,84,0.023809523809523808,26.266000032424927,874.5329999923706,900.7990000247955,31,346,1
