SUBJECT,CONFIGURATION,SEED,ALGORITHM,PROBE_ENABLED,CONSTANT_POOL_ENABLED,COVERAGE,COVERED_BRANCHES,TOTAL_BRANCHES,BRANCH_COVERAGE,COVERED_LINES,TOTAL_LINES,LINE_COVERAGE,COVERED_FUNCTIONS,TOTAL_FUNCTIONS,FUNCTION_COVERAGE,COVERED_PROBES,TOTAL_PROBES,PROBE_COVERAGE,INITIALIZATION_TIME,SEARCH_TIME,TOTAL_TIME,ITERATIONS,EVALUATIONS,VERSION
ERC721.sol,,923,sFuzz,true,false,0.3684210526315789,0,4,0,15,56,0.26785714285714285,12,21,0.5714285714285714,5,32,0.15625,5.686000108718872,894.5499999523163,900.2360000610352,191,2111,1
IERC721.sol,,923,sFuzz,true,false,0,0,0,0,0,0,0,0,0,0,0,0,0,1.7699999809265137,898.2490000724792,900.0190000534058,577,6354,1
IERC721Receiver.sol,,923,sFuzz,true,false,0,0,0,0,0,0,0,0,0,0,0,0,0,1.3980000019073486,898.7070000171661,900.1050000190735,555,6115,1
ERC165.sol,,923,sFuzz,true,false,0,0,0,0,0,4,0,0,3,0,0,2,0,2.7339999675750732,897.2969999313354,900.0309998989105,535,5888,1
IERC165.sol,,923,sFuzz,true,false,0,0,0,0,0,0,0,0,0,0,0,0,0,1.446000099182129,898.5909998416901,900.0369999408722,546,6008,1
