SUBJECT,CONFIGURATION,SEED,ALGORITHM,PROBE_ENABLED,CONSTANT_POOL_ENABLED,COVERAGE,COVERED_BRANCHES,TOTAL_BRANCHES,BRANCH_COVERAGE,COVERED_LINES,TOTAL_LINES,LINE_COVERAGE,COVERED_FUNCTIONS,TOTAL_FUNCTIONS,FUNCTION_COVERAGE,COVERED_PROBES,TOTAL_PROBES,PROBE_COVERAGE,INITIALIZATION_TIME,SEARCH_TIME,TOTAL_TIME,ITERATIONS,EVALUATIONS,VERSION
MolScribe.sol,,800,sFuzz,false,false,0,0,0,0,0,0,0,0,0,0,0,0,0,24.47699999809265,876.047000169754,900.5240001678467,36,398,1
MolScribe.sol,,800,sFuzz,false,false,0,0,0,0,0,0,0,0,0,0,0,0,0,22.299000024795532,878.2139999866486,900.5130000114441,36,404,1
MolScribe.sol,,800,sFuzz,false,false,0,0,0,0,0,0,0,0,0,0,0,0,0,22.5,877.9479999542236,900.4479999542236,36,401,1
MolScribe.sol,,800,sFuzz,false,false,0,0,0,0,0,0,0,0,0,0,0,0,0,22.8270001411438,878.106999874115,900.9340000152588,35,395,1
MolScribe.sol,,800,sFuzz,false,false,0,0,0,0,0,0,0,0,0,0,0,0,0,23.055000066757202,878.8949999809265,901.9500000476837,36,398,1
MolScribe.sol,,800,sFuzz,false,false,0,0,0,0,0,0,0,0,0,0,0,0,0,24.11900019645691,877.2469999790192,901.3660001754761,31,347,1
MolScribe.sol,,800,sFuzz,false,false,0,0,0,0,0,0,0,0,0,0,0,0,0,25.05399990081787,876.3699998855591,901.423999786377,33,366,1
MolScribe.sol,,800,sFuzz,false,false,0,0,0,0,0,0,0,0,0,0,0,0,0,24.877000093460083,875.5939998626709,900.470999956131,32,362,1
MolScribe.sol,,800,sFuzz,false,false,0.10989010989010989,2,12,0.16666666666666666,11,176,0.0625,9,67,0.13432835820895522,2,84,0.023809523809523808,26.265000104904175,876.3489999771118,902.614000082016,31,347,1
