SUBJECT,CONFIGURATION,SEED,ALGORITHM,PROBE_ENABLED,CONSTANT_POOL_ENABLED,COVERAGE,COVERED_BRANCHES,TOTAL_BRANCHES,BRANCH_COVERAGE,COVERED_LINES,TOTAL_LINES,LINE_COVERAGE,COVERED_FUNCTIONS,TOTAL_FUNCTIONS,FUNCTION_COVERAGE,COVERED_PROBES,TOTAL_PROBES,PROBE_COVERAGE,INITIALIZATION_TIME,SEARCH_TIME,TOTAL_TIME,ITERATIONS,EVALUATIONS,VERSION
MolScribe.sol,,332,sFuzz,true,false,0,0,0,0,0,0,0,0,0,0,0,0,0,24.242999792099,877.9000000953674,902.1429998874664,36,398,1
MolScribe.sol,,332,sFuzz,true,false,0,0,0,0,0,0,0,0,0,0,0,0,0,22.544000148773193,877.7939999103546,900.3380000591278,36,401,1
MolScribe.sol,,332,sFuzz,true,false,0,0,0,0,0,0,0,0,0,0,0,0,0,22.717000007629395,879.125,901.8420000076294,36,402,1
MolScribe.sol,,332,sFuzz,true,false,0,0,0,0,0,0,0,0,0,0,0,0,0,22.30299997329712,878.3980000019073,900.7009999752045,36,400,1
MolScribe.sol,,332,sFuzz,true,false,0,0,0,0,0,0,0,0,0,0,0,0,0,22.628000020980835,879.4619998931885,902.0899999141693,36,399,1
MolScribe.sol,,332,sFuzz,true,false,0,0,0,0,0,0,0,0,0,0,0,0,0,24.756999969482422,875.9830000400543,900.7400000095367,31,347,1
MolScribe.sol,,332,sFuzz,true,false,0,0,0,0,0,0,0,0,0,0,0,0,0,25.450000047683716,876.018000125885,901.4680001735687,33,364,1
MolScribe.sol,,332,sFuzz,true,false,0,0,0,0,0,0,0,0,0,0,0,0,0,24.5239999294281,877.7230000495911,902.2469999790192,33,365,1
MolScribe.sol,,332,sFuzz,true,false,0.06629834254143646,2,12,0.16666666666666666,11,176,0.0625,9,67,0.13432835820895522,2,84,0.023809523809523808,26.593000173568726,874.3799998760223,900.9730000495911,31,343,1
