SUBJECT,CONFIGURATION,SEED,ALGORITHM,PROBE_ENABLED,CONSTANT_POOL_ENABLED,COVERAGE,COVERED_BRANCHES,TOTAL_BRANCHES,BRANCH_COVERAGE,COVERED_LINES,TOTAL_LINES,LINE_COVERAGE,COVERED_FUNCTIONS,TOTAL_FUNCTIONS,FUNCTION_COVERAGE,COVERED_PROBES,TOTAL_PROBES,PROBE_COVERAGE,INITIALIZATION_TIME,SEARCH_TIME,TOTAL_TIME,ITERATIONS,EVALUATIONS,VERSION
MolScribe.sol,,448,sFuzz,true,false,0,0,0,0,0,0,0,0,0,0,0,0,0,23.019999980926514,878.7290000915527,901.7490000724792,37,407,1
MolScribe.sol,,448,sFuzz,true,false,0,0,0,0,0,0,0,0,0,0,0,0,0,22.43400001525879,878.7079999446869,901.1419999599457,36,401,1
MolScribe.sol,,448,sFuzz,true,false,0,0,0,0,0,0,0,0,0,0,0,0,0,22.485000133514404,878.9249999523163,901.4100000858307,36,401,1
MolScribe.sol,,448,sFuzz,true,false,0,0,0,0,0,0,0,0,0,0,0,0,0,22.682000160217285,878.0460000038147,900.728000164032,36,399,1
MolScribe.sol,,448,sFuzz,true,false,0,0,0,0,0,0,0,0,0,0,0,0,0,22.658999919891357,878.3110001087189,900.9700000286102,36,398,1
MolScribe.sol,,448,sFuzz,true,false,0,0,0,0,0,0,0,0,0,0,0,0,0,24.368000030517578,876.5160000324249,900.8840000629425,31,350,1
MolScribe.sol,,448,sFuzz,true,false,0,0,0,0,0,0,0,0,0,0,0,0,0,24.594000101089478,877.5649998188019,902.1589999198914,33,364,1
MolScribe.sol,,448,sFuzz,true,false,0,0,0,0,0,0,0,0,0,0,0,0,0,25.074000120162964,875.6979999542236,900.7720000743866,33,363,1
MolScribe.sol,,448,sFuzz,true,false,0.06629834254143646,2,12,0.16666666666666666,11,176,0.0625,9,67,0.13432835820895522,2,84,0.023809523809523808,26.417999982833862,875.7890000343323,902.2070000171661,31,341,1
