SUBJECT,CONFIGURATION,SEED,ALGORITHM,PROBE_ENABLED,CONSTANT_POOL_ENABLED,COVERAGE,COVERED_BRANCHES,TOTAL_BRANCHES,BRANCH_COVERAGE,COVERED_LINES,TOTAL_LINES,LINE_COVERAGE,COVERED_FUNCTIONS,TOTAL_FUNCTIONS,FUNCTION_COVERAGE,COVERED_PROBES,TOTAL_PROBES,PROBE_COVERAGE,INITIALIZATION_TIME,SEARCH_TIME,TOTAL_TIME,ITERATIONS,EVALUATIONS,VERSION
MolScribe.sol,,415,DynaMOSA,false,false,0,0,0,0,0,0,0,0,0,0,0,0,0,25.104000091552734,874.9739999771118,900.0780000686646,36,398,1
MolScribe.sol,,415,DynaMOSA,false,false,0,0,0,0,0,0,0,0,0,0,0,0,0,22.664000034332275,877.606999874115,900.2709999084473,36,402,1
MolScribe.sol,,415,DynaMOSA,false,false,0,0,0,0,0,0,0,0,0,0,0,0,0,22.306999921798706,879.6560001373291,901.9630000591278,36,402,1
MolScribe.sol,,415,DynaMOSA,false,false,0,0,0,0,0,0,0,0,0,0,0,0,0,22.579999923706055,877.9530000686646,900.5329999923706,36,396,1
MolScribe.sol,,415,DynaMOSA,false,false,0,0,0,0,0,0,0,0,0,0,0,0,0,22.908999919891357,879.0569999217987,901.9659998416901,36,399,1
MolScribe.sol,,415,DynaMOSA,false,false,0,0,0,0,0,0,0,0,0,0,0,0,0,24.450999975204468,877.3759999275208,901.8269999027252,31,350,1
MolScribe.sol,,415,DynaMOSA,false,false,0,0,0,0,0,0,0,0,0,0,0,0,0,24.3439998626709,875.8070001602173,900.1510000228882,33,364,1
MolScribe.sol,,415,DynaMOSA,false,false,0,0,0,0,0,0,0,0,0,0,0,0,0,24.561999797821045,877.0460000038147,901.6079998016357,33,366,1
MolScribe.sol,,415,DynaMOSA,false,false,0.10989010989010989,2,12,0.16666666666666666,11,176,0.0625,9,67,0.13432835820895522,2,84,0.023809523809523808,26.267000198364258,875.5829999446869,901.8500001430511,31,347,1
