SUBJECT,CONFIGURATION,SEED,ALGORITHM,PROBE_ENABLED,CONSTANT_POOL_ENABLED,COVERAGE,COVERED_BRANCHES,TOTAL_BRANCHES,BRANCH_COVERAGE,COVERED_LINES,TOTAL_LINES,LINE_COVERAGE,COVERED_FUNCTIONS,TOTAL_FUNCTIONS,FUNCTION_COVERAGE,COVERED_PROBES,TOTAL_PROBES,PROBE_COVERAGE,INITIALIZATION_TIME,SEARCH_TIME,TOTAL_TIME,ITERATIONS,EVALUATIONS,VERSION
MolScribe.sol,,983,sFuzz,true,false,0,0,0,0,0,0,0,0,0,0,0,0,0,25.02500009536743,875.5709998607635,900.595999956131,35,395,1
MolScribe.sol,,983,sFuzz,true,false,0,0,0,0,0,0,0,0,0,0,0,0,0,22.41100001335144,879.5400002002716,901.951000213623,36,402,1
MolScribe.sol,,983,sFuzz,true,false,0,0,0,0,0,0,0,0,0,0,0,0,0,22.30899977684021,878.0320000648499,900.3409998416901,36,400,1
MolScribe.sol,,983,sFuzz,true,false,0,0,0,0,0,0,0,0,0,0,0,0,0,22.66700005531311,877.4140000343323,900.0810000896454,36,396,1
MolScribe.sol,,983,sFuzz,true,false,0,0,0,0,0,0,0,0,0,0,0,0,0,22.207000017166138,877.9579999446869,900.164999961853,36,399,1
MolScribe.sol,,983,sFuzz,true,false,0,0,0,0,0,0,0,0,0,0,0,0,0,24.486999988555908,876.4619998931885,900.9489998817444,31,350,1
MolScribe.sol,,983,sFuzz,true,false,0,0,0,0,0,0,0,0,0,0,0,0,0,24.628000020980835,875.8780000209808,900.5060000419617,33,365,1
MolScribe.sol,,983,sFuzz,true,false,0,0,0,0,0,0,0,0,0,0,0,0,0,24.846999883651733,875.8709998130798,900.7179996967316,33,364,1
MolScribe.sol,,983,sFuzz,true,false,0.06629834254143646,2,12,0.16666666666666666,11,176,0.0625,9,67,0.13432835820895522,2,84,0.023809523809523808,26.667999982833862,874.9449999332428,901.6129999160767,31,343,1
