SUBJECT,CONFIGURATION,SEED,ALGORITHM,PROBE_ENABLED,CONSTANT_POOL_ENABLED,COVERAGE,COVERED_BRANCHES,TOTAL_BRANCHES,BRANCH_COVERAGE,COVERED_LINES,TOTAL_LINES,LINE_COVERAGE,COVERED_FUNCTIONS,TOTAL_FUNCTIONS,FUNCTION_COVERAGE,COVERED_PROBES,TOTAL_PROBES,PROBE_COVERAGE,INITIALIZATION_TIME,SEARCH_TIME,TOTAL_TIME,ITERATIONS,EVALUATIONS,VERSION
ERC721.sol,,752,DynaMOSA,true,false,0.3684210526315789,0,4,0,15,56,0.26785714285714285,12,21,0.5714285714285714,6,32,0.1875,5.757999897003174,894.2809998989105,900.0389997959137,195,2152,1
IERC721.sol,,752,DynaMOSA,true,false,0,0,0,0,0,0,0,0,0,0,0,0,0,2.0460000038146973,898.0750000476837,900.1210000514984,575,6333,1
IERC721Receiver.sol,,752,DynaMOSA,true,false,0,0,0,0,0,0,0,0,0,0,0,0,0,1.5049998760223389,898.5970001220703,900.1019999980927,558,6143,1
ERC165.sol,,752,DynaMOSA,true,false,0,0,0,0,0,4,0,0,3,0,0,2,0,1.9260001182556152,898.135999917984,900.0620000362396,530,5838,1
IERC165.sol,,752,DynaMOSA,true,false,0,0,0,0,0,0,0,0,0,0,0,0,0,1.5889999866485596,898.5,900.0889999866486,546,6008,1
