SUBJECT,CONFIGURATION,SEED,ALGORITHM,PROBE_ENABLED,CONSTANT_POOL_ENABLED,COVERAGE,COVERED_BRANCHES,TOTAL_BRANCHES,BRANCH_COVERAGE,COVERED_LINES,TOTAL_LINES,LINE_COVERAGE,COVERED_FUNCTIONS,TOTAL_FUNCTIONS,FUNCTION_COVERAGE,COVERED_PROBES,TOTAL_PROBES,PROBE_COVERAGE,INITIALIZATION_TIME,SEARCH_TIME,TOTAL_TIME,ITERATIONS,EVALUATIONS,VERSION
MolScribe.sol,,766,DynaMOSA,true,false,0,0,0,0,0,0,0,0,0,0,0,0,0,25.888000011444092,875.9570000171661,901.8450000286102,35,388,1
MolScribe.sol,,766,DynaMOSA,true,false,0,0,0,0,0,0,0,0,0,0,0,0,0,22.430999994277954,877.789999961853,900.220999956131,35,395,1
MolScribe.sol,,766,DynaMOSA,true,false,0,0,0,0,0,0,0,0,0,0,0,0,0,22.695000171661377,879.1280000209808,901.8230001926422,36,398,1
MolScribe.sol,,766,DynaMOSA,true,false,0,0,0,0,0,0,0,0,0,0,0,0,0,22.859000205993652,877.9839999675751,900.8430001735687,35,392,1
MolScribe.sol,,766,DynaMOSA,true,false,0,0,0,0,0,0,0,0,0,0,0,0,0,22.932000160217285,877.4010000228882,900.3330001831055,35,391,1
MolScribe.sol,,766,DynaMOSA,true,false,0,0,0,0,0,0,0,0,0,0,0,0,0,24.602999925613403,875.5,900.1029999256134,31,343,1
MolScribe.sol,,766,DynaMOSA,true,false,0,0,0,0,0,0,0,0,0,0,0,0,0,25.884999990463257,876.0299999713898,901.914999961853,32,361,1
MolScribe.sol,,766,DynaMOSA,true,false,0,0,0,0,0,0,0,0,0,0,0,0,0,24.950000047683716,876.4079999923706,901.3580000400543,32,361,1
MolScribe.sol,,766,DynaMOSA,true,false,0.06629834254143646,2,12,0.16666666666666666,11,176,0.0625,9,67,0.13432835820895522,2,84,0.023809523809523808,26.62999987602234,873.8199999332428,900.4499998092651,30,337,1
