SUBJECT,CONFIGURATION,SEED,ALGORITHM,PROBE_ENABLED,CONSTANT_POOL_ENABLED,COVERAGE,COVERED_BRANCHES,TOTAL_BRANCHES,BRANCH_COVERAGE,COVERED_LINES,TOTAL_LINES,LINE_COVERAGE,COVERED_FUNCTIONS,TOTAL_FUNCTIONS,FUNCTION_COVERAGE,COVERED_PROBES,TOTAL_PROBES,PROBE_COVERAGE,INITIALIZATION_TIME,SEARCH_TIME,TOTAL_TIME,ITERATIONS,EVALUATIONS,VERSION
MolScribe.sol,,280,DynaMOSA,false,false,0,0,0,0,0,0,0,0,0,0,0,0,0,25.54200005531311,876.2159998416901,901.7579998970032,36,398,1
MolScribe.sol,,280,DynaMOSA,false,false,0,0,0,0,0,0,0,0,0,0,0,0,0,21.91599988937378,879.0970001220703,901.0130000114441,36,400,1
MolScribe.sol,,280,DynaMOSA,false,false,0,0,0,0,0,0,0,0,0,0,0,0,0,22.58999991416931,878.9969999790192,901.5869998931885,36,399,1
MolScribe.sol,,280,DynaMOSA,false,false,0,0,0,0,0,0,0,0,0,0,0,0,0,22.588000059127808,878.2189998626709,900.8069999217987,36,399,1
MolScribe.sol,,280,DynaMOSA,false,false,0,0,0,0,0,0,0,0,0,0,0,0,0,22.431999921798706,878.2750000953674,900.7070000171661,36,397,1
MolScribe.sol,,280,DynaMOSA,false,false,0,0,0,0,0,0,0,0,0,0,0,0,0,24.066999912261963,875.9619998931885,900.0289998054504,31,350,1
MolScribe.sol,,280,DynaMOSA,false,false,0,0,0,0,0,0,0,0,0,0,0,0,0,24.306000232696533,877.6489999294281,901.9550001621246,33,366,1
MolScribe.sol,,280,DynaMOSA,false,false,0,0,0,0,0,0,0,0,0,0,0,0,0,24.370999813079834,877.8210000991821,902.191999912262,33,363,1
MolScribe.sol,,280,DynaMOSA,false,false,0.10989010989010989,2,12,0.16666666666666666,11,176,0.0625,9,67,0.13432835820895522,2,84,0.023809523809523808,26.432000160217285,874.8339998722076,901.2660000324249,31,342,1
