SUBJECT,CONFIGURATION,SEED,ALGORITHM,PROBE_ENABLED,CONSTANT_POOL_ENABLED,COVERAGE,COVERED_BRANCHES,TOTAL_BRANCHES,BRANCH_COVERAGE,COVERED_LINES,TOTAL_LINES,LINE_COVERAGE,COVERED_FUNCTIONS,TOTAL_FUNCTIONS,FUNCTION_COVERAGE,COVERED_PROBES,TOTAL_PROBES,PROBE_COVERAGE,INITIALIZATION_TIME,SEARCH_TIME,TOTAL_TIME,ITERATIONS,EVALUATIONS,VERSION
MolScribe.sol,,381,DynaMOSA,false,false,0,0,0,0,0,0,0,0,0,0,0,0,0,24.712000131607056,876.4919998645782,901.2039999961853,36,399,1
MolScribe.sol,,381,DynaMOSA,false,false,0,0,0,0,0,0,0,0,0,0,0,0,0,22.32800006866455,878.2599999904633,900.5880000591278,36,404,1
MolScribe.sol,,381,DynaMOSA,false,false,0,0,0,0,0,0,0,0,0,0,0,0,0,22.55900001525879,879.7369999885559,902.2960000038147,36,403,1
MolScribe.sol,,381,DynaMOSA,false,false,0,0,0,0,0,0,0,0,0,0,0,0,0,22.776999950408936,878.5260000228882,901.3029999732971,36,403,1
MolScribe.sol,,381,DynaMOSA,false,false,0,0,0,0,0,0,0,0,0,0,0,0,0,22.757000207901,879.2839999198914,902.0410001277924,36,401,1
MolScribe.sol,,381,DynaMOSA,false,false,0,0,0,0,0,0,0,0,0,0,0,0,0,24.5,877.7720000743866,902.2720000743866,32,353,1
MolScribe.sol,,381,DynaMOSA,false,false,0,0,0,0,0,0,0,0,0,0,0,0,0,24.717999935150146,876.5820000171661,901.2999999523163,33,368,1
MolScribe.sol,,381,DynaMOSA,false,false,0,0,0,0,0,0,0,0,0,0,0,0,0,24.475000143051147,876.7630000114441,901.2380001544952,33,365,1
MolScribe.sol,,381,DynaMOSA,false,false,0.10989010989010989,2,12,0.16666666666666666,11,176,0.0625,9,67,0.13432835820895522,2,84,0.023809523809523808,26.087000131607056,875.9900000095367,902.0770001411438,31,346,1
